{"_runtime":2615.81574667,"train/entropy":1.9296875,"_timestamp":1.7750549786684768e+09,"_step":384,"train/loss":0.0004863739013671875,"eval/accuracy":0,"_wandb":{"runtime":2615}}